ID,SUBCLASS
TEST_0000,STES
TEST_0001,STES
TEST_0002,THCA
TEST_0003,GBMLGG
TEST_0004,STES
TEST_0005,UCEC
TEST_0006,BRCA
TEST_0007,UCEC
TEST_0008,BRCA
TEST_0009,GBMLGG
TEST_0010,KIRC
TEST_0011,LAML
TEST_0012,COAD
TEST_0013,STES
TEST_0014,KIRC
TEST_0015,STES
TEST_0016,STES
TEST_0017,BRCA
TEST_0018,KIPAN
TEST_0019,GBMLGG
TEST_0020,COAD
TEST_0021,STES
TEST_0022,LGG
TEST_0023,STES
TEST_0024,COAD
TEST_0025,STES
TEST_0026,OV
TEST_0027,STES
TEST_0028,STES
TEST_0029,BRCA
TEST_0030,COAD
TEST_0031,STES
TEST_0032,COAD
TEST_0033,KIRC
TEST_0034,KIPAN
TEST_0035,STES
TEST_0036,LGG
TEST_0037,BRCA
TEST_0038,STES
TEST_0039,COAD
TEST_0040,KIPAN
TEST_0041,GBMLGG
TEST_0042,SKCM
TEST_0043,UCEC
TEST_0044,BRCA
TEST_0045,HNSC
TEST_0046,KIRC
TEST_0047,LUSC
TEST_0048,LUSC
TEST_0049,BRCA
TEST_0050,STES
TEST_0051,KIRC
TEST_0052,COAD
TEST_0053,OV
TEST_0054,KIPAN
TEST_0055,OV
TEST_0056,COAD
TEST_0057,BRCA
TEST_0058,LIHC
TEST_0059,SKCM
TEST_0060,BRCA
TEST_0061,BRCA
TEST_0062,OV
TEST_0063,STES
TEST_0064,THCA
TEST_0065,COAD
TEST_0066,STES
TEST_0067,COAD
TEST_0068,LAML
TEST_0069,STES
TEST_0070,COAD
TEST_0071,SKCM
TEST_0072,PRAD
TEST_0073,LIHC
TEST_0074,BRCA
TEST_0075,BRCA
TEST_0076,COAD
TEST_0077,STES
TEST_0078,SKCM
TEST_0079,LUAD
TEST_0080,STES
TEST_0081,STES
TEST_0082,STES
TEST_0083,COAD
TEST_0084,STES
TEST_0085,STES
TEST_0086,STES
TEST_0087,PAAD
TEST_0088,STES
TEST_0089,BRCA
TEST_0090,THCA
TEST_0091,KIRC
TEST_0092,STES
TEST_0093,STES
TEST_0094,BRCA
TEST_0095,KIPAN
TEST_0096,STES
TEST_0097,UCEC
TEST_0098,COAD
TEST_0099,COAD
TEST_0100,BRCA
TEST_0101,LIHC
TEST_0102,BRCA
TEST_0103,GBMLGG
TEST_0104,LGG
TEST_0105,LIHC
TEST_0106,STES
TEST_0107,PRAD
TEST_0108,STES
TEST_0109,STES
TEST_0110,PRAD
TEST_0111,THCA
TEST_0112,UCEC
TEST_0113,BRCA
TEST_0114,COAD
TEST_0115,PRAD
TEST_0116,KIPAN
TEST_0117,LGG
TEST_0118,PCPG
TEST_0119,STES
TEST_0120,UCEC
TEST_0121,GBMLGG
TEST_0122,BRCA
TEST_0123,KIPAN
TEST_0124,THCA
TEST_0125,COAD
TEST_0126,BLCA
TEST_0127,GBMLGG
TEST_0128,PCPG
TEST_0129,KIPAN
TEST_0130,ACC
TEST_0131,LAML
TEST_0132,OV
TEST_0133,STES
TEST_0134,STES
TEST_0135,GBMLGG
TEST_0136,GBMLGG
TEST_0137,BRCA
TEST_0138,GBMLGG
TEST_0139,BRCA
TEST_0140,STES
TEST_0141,GBMLGG
TEST_0142,SKCM
TEST_0143,STES
TEST_0144,BRCA
TEST_0145,THCA
TEST_0146,KIPAN
TEST_0147,PRAD
TEST_0148,GBMLGG
TEST_0149,STES
TEST_0150,COAD
TEST_0151,THCA
TEST_0152,OV
TEST_0153,GBMLGG
TEST_0154,KIRC
TEST_0155,KIPAN
TEST_0156,THCA
TEST_0157,COAD
TEST_0158,STES
TEST_0159,KIPAN
TEST_0160,GBMLGG
TEST_0161,STES
TEST_0162,LUAD
TEST_0163,BRCA
TEST_0164,GBMLGG
TEST_0165,STES
TEST_0166,COAD
TEST_0167,COAD
TEST_0168,KIPAN
TEST_0169,STES
TEST_0170,PRAD
TEST_0171,STES
TEST_0172,TGCT
TEST_0173,BRCA
TEST_0174,BRCA
TEST_0175,KIPAN
TEST_0176,GBMLGG
TEST_0177,OV
TEST_0178,ACC
TEST_0179,STES
TEST_0180,BRCA
TEST_0181,STES
TEST_0182,BRCA
TEST_0183,STES
TEST_0184,THCA
TEST_0185,BRCA
TEST_0186,STES
TEST_0187,BRCA
TEST_0188,GBMLGG
TEST_0189,COAD
TEST_0190,STES
TEST_0191,UCEC
TEST_0192,BRCA
TEST_0193,HNSC
TEST_0194,KIPAN
TEST_0195,STES
TEST_0196,BRCA
TEST_0197,STES
TEST_0198,KIPAN
TEST_0199,KIPAN
TEST_0200,KIRC
TEST_0201,KIPAN
TEST_0202,KIRC
TEST_0203,BRCA
TEST_0204,THCA
TEST_0205,SARC
TEST_0206,BRCA
TEST_0207,GBMLGG
TEST_0208,UCEC
TEST_0209,STES
TEST_0210,STES
TEST_0211,BRCA
TEST_0212,GBMLGG
TEST_0213,BRCA
TEST_0214,BRCA
TEST_0215,SKCM
TEST_0216,STES
TEST_0217,GBMLGG
TEST_0218,GBMLGG
TEST_0219,BRCA
TEST_0220,BRCA
TEST_0221,UCEC
TEST_0222,THCA
TEST_0223,GBMLGG
TEST_0224,UCEC
TEST_0225,GBMLGG
TEST_0226,GBMLGG
TEST_0227,COAD
TEST_0228,STES
TEST_0229,ACC
TEST_0230,STES
TEST_0231,TGCT
TEST_0232,STES
TEST_0233,STES
TEST_0234,LUAD
TEST_0235,COAD
TEST_0236,BRCA
TEST_0237,BRCA
TEST_0238,SKCM
TEST_0239,SKCM
TEST_0240,STES
TEST_0241,KIPAN
TEST_0242,STES
TEST_0243,BRCA
TEST_0244,KIRC
TEST_0245,LIHC
TEST_0246,THCA
TEST_0247,GBMLGG
TEST_0248,STES
TEST_0249,SKCM
TEST_0250,CESC
TEST_0251,OV
TEST_0252,COAD
TEST_0253,BRCA
TEST_0254,SKCM
TEST_0255,TGCT
TEST_0256,COAD
TEST_0257,PAAD
TEST_0258,COAD
TEST_0259,COAD
TEST_0260,THCA
TEST_0261,LIHC
TEST_0262,TGCT
TEST_0263,STES
TEST_0264,GBMLGG
TEST_0265,BRCA
TEST_0266,SKCM
TEST_0267,KIPAN
TEST_0268,STES
TEST_0269,KIRC
TEST_0270,KIPAN
TEST_0271,KIPAN
TEST_0272,GBMLGG
TEST_0273,BRCA
TEST_0274,KIRC
TEST_0275,BRCA
TEST_0276,COAD
TEST_0277,KIRC
TEST_0278,COAD
TEST_0279,COAD
TEST_0280,COAD
TEST_0281,SKCM
TEST_0282,KIPAN
TEST_0283,STES
TEST_0284,HNSC
TEST_0285,GBMLGG
TEST_0286,UCEC
TEST_0287,KIPAN
TEST_0288,BRCA
TEST_0289,COAD
TEST_0290,COAD
TEST_0291,GBMLGG
TEST_0292,STES
TEST_0293,ACC
TEST_0294,BRCA
TEST_0295,STES
TEST_0296,KIPAN
TEST_0297,COAD
TEST_0298,COAD
TEST_0299,UCEC
TEST_0300,COAD
TEST_0301,THCA
TEST_0302,SKCM
TEST_0303,COAD
TEST_0304,STES
TEST_0305,STES
TEST_0306,STES
TEST_0307,SARC
TEST_0308,STES
TEST_0309,STES
TEST_0310,GBMLGG
TEST_0311,KIPAN
TEST_0312,STES
TEST_0313,STES
TEST_0314,STES
TEST_0315,LIHC
TEST_0316,BRCA
TEST_0317,STES
TEST_0318,BRCA
TEST_0319,UCEC
TEST_0320,BRCA
TEST_0321,STES
TEST_0322,LGG
TEST_0323,ACC
TEST_0324,SKCM
TEST_0325,STES
TEST_0326,PAAD
TEST_0327,OV
TEST_0328,KIPAN
TEST_0329,CESC
TEST_0330,COAD
TEST_0331,STES
TEST_0332,LUSC
TEST_0333,KIPAN
TEST_0334,GBMLGG
TEST_0335,LUAD
TEST_0336,SKCM
TEST_0337,STES
TEST_0338,GBMLGG
TEST_0339,BRCA
TEST_0340,STES
TEST_0341,KIRC
TEST_0342,SKCM
TEST_0343,OV
TEST_0344,COAD
TEST_0345,SKCM
TEST_0346,COAD
TEST_0347,STES
TEST_0348,SKCM
TEST_0349,STES
TEST_0350,BLCA
TEST_0351,BRCA
TEST_0352,THCA
TEST_0353,BLCA
TEST_0354,COAD
TEST_0355,COAD
TEST_0356,HNSC
TEST_0357,CESC
TEST_0358,OV
TEST_0359,COAD
TEST_0360,OV
TEST_0361,GBMLGG
TEST_0362,SARC
TEST_0363,STES
TEST_0364,STES
TEST_0365,COAD
TEST_0366,KIRC
TEST_0367,BRCA
TEST_0368,STES
TEST_0369,COAD
TEST_0370,KIPAN
TEST_0371,KIPAN
TEST_0372,BRCA
TEST_0373,BRCA
TEST_0374,BRCA
TEST_0375,BRCA
TEST_0376,KIPAN
TEST_0377,GBMLGG
TEST_0378,OV
TEST_0379,THCA
TEST_0380,COAD
TEST_0381,STES
TEST_0382,SARC
TEST_0383,GBMLGG
TEST_0384,BRCA
TEST_0385,COAD
TEST_0386,UCEC
TEST_0387,PRAD
TEST_0388,PCPG
TEST_0389,KIPAN
TEST_0390,BRCA
TEST_0391,GBMLGG
TEST_0392,KIPAN
TEST_0393,KIPAN
TEST_0394,GBMLGG
TEST_0395,GBMLGG
TEST_0396,STES
TEST_0397,SKCM
TEST_0398,SARC
TEST_0399,BRCA
TEST_0400,STES
TEST_0401,BRCA
TEST_0402,COAD
TEST_0403,STES
TEST_0404,CESC
TEST_0405,COAD
TEST_0406,STES
TEST_0407,COAD
TEST_0408,SKCM
TEST_0409,THCA
TEST_0410,STES
TEST_0411,STES
TEST_0412,KIPAN
TEST_0413,BRCA
TEST_0414,COAD
TEST_0415,KIPAN
TEST_0416,STES
TEST_0417,GBMLGG
TEST_0418,BRCA
TEST_0419,COAD
TEST_0420,BRCA
TEST_0421,KIPAN
TEST_0422,STES
TEST_0423,COAD
TEST_0424,KIPAN
TEST_0425,COAD
TEST_0426,COAD
TEST_0427,BRCA
TEST_0428,BRCA
TEST_0429,STES
TEST_0430,STES
TEST_0431,STES
TEST_0432,PRAD
TEST_0433,BRCA
TEST_0434,STES
TEST_0435,BRCA
TEST_0436,COAD
TEST_0437,OV
TEST_0438,SKCM
TEST_0439,PRAD
TEST_0440,COAD
TEST_0441,OV
TEST_0442,STES
TEST_0443,STES
TEST_0444,STES
TEST_0445,LGG
TEST_0446,BRCA
TEST_0447,COAD
TEST_0448,BRCA
TEST_0449,GBMLGG
TEST_0450,BRCA
TEST_0451,KIPAN
TEST_0452,COAD
TEST_0453,COAD
TEST_0454,BRCA
TEST_0455,COAD
TEST_0456,LAML
TEST_0457,STES
TEST_0458,STES
TEST_0459,KIPAN
TEST_0460,COAD
TEST_0461,KIPAN
TEST_0462,KIPAN
TEST_0463,STES
TEST_0464,STES
TEST_0465,GBMLGG
TEST_0466,STES
TEST_0467,STES
TEST_0468,HNSC
TEST_0469,BRCA
TEST_0470,COAD
TEST_0471,KIPAN
TEST_0472,COAD
TEST_0473,PRAD
TEST_0474,UCEC
TEST_0475,LUAD
TEST_0476,STES
TEST_0477,SKCM
TEST_0478,GBMLGG
TEST_0479,SKCM
TEST_0480,PCPG
TEST_0481,PRAD
TEST_0482,STES
TEST_0483,KIRC
TEST_0484,BRCA
TEST_0485,KIRC
TEST_0486,LUAD
TEST_0487,COAD
TEST_0488,COAD
TEST_0489,OV
TEST_0490,THCA
TEST_0491,BRCA
TEST_0492,PRAD
TEST_0493,COAD
TEST_0494,HNSC
TEST_0495,CESC
TEST_0496,OV
TEST_0497,THCA
TEST_0498,BRCA
TEST_0499,COAD
TEST_0500,KIPAN
TEST_0501,BRCA
TEST_0502,KIPAN
TEST_0503,COAD
TEST_0504,GBMLGG
TEST_0505,STES
TEST_0506,KIPAN
TEST_0507,LUAD
TEST_0508,STES
TEST_0509,STES
TEST_0510,COAD
TEST_0511,KIPAN
TEST_0512,KIRC
TEST_0513,UCEC
TEST_0514,STES
TEST_0515,GBMLGG
TEST_0516,STES
TEST_0517,STES
TEST_0518,STES
TEST_0519,THCA
TEST_0520,STES
TEST_0521,COAD
TEST_0522,KIPAN
TEST_0523,PRAD
TEST_0524,STES
TEST_0525,COAD
TEST_0526,STES
TEST_0527,SKCM
TEST_0528,BRCA
TEST_0529,THCA
TEST_0530,STES
TEST_0531,KIPAN
TEST_0532,STES
TEST_0533,STES
TEST_0534,BRCA
TEST_0535,BRCA
TEST_0536,OV
TEST_0537,KIPAN
TEST_0538,BRCA
TEST_0539,BRCA
TEST_0540,STES
TEST_0541,STES
TEST_0542,BRCA
TEST_0543,COAD
TEST_0544,KIPAN
TEST_0545,BRCA
TEST_0546,STES
TEST_0547,LIHC
TEST_0548,KIRC
TEST_0549,KIPAN
TEST_0550,KIPAN
TEST_0551,STES
TEST_0552,COAD
TEST_0553,CESC
TEST_0554,KIPAN
TEST_0555,COAD
TEST_0556,LIHC
TEST_0557,BRCA
TEST_0558,BRCA
TEST_0559,COAD
TEST_0560,THCA
TEST_0561,TGCT
TEST_0562,BRCA
TEST_0563,SKCM
TEST_0564,STES
TEST_0565,THCA
TEST_0566,SKCM
TEST_0567,COAD
TEST_0568,STES
TEST_0569,STES
TEST_0570,COAD
TEST_0571,KIPAN
TEST_0572,KIPAN
TEST_0573,GBMLGG
TEST_0574,STES
TEST_0575,COAD
TEST_0576,LIHC
TEST_0577,BRCA
TEST_0578,STES
TEST_0579,KIPAN
TEST_0580,COAD
TEST_0581,COAD
TEST_0582,COAD
TEST_0583,UCEC
TEST_0584,BRCA
TEST_0585,KIRC
TEST_0586,THCA
TEST_0587,STES
TEST_0588,COAD
TEST_0589,STES
TEST_0590,LIHC
TEST_0591,STES
TEST_0592,STES
TEST_0593,STES
TEST_0594,BRCA
TEST_0595,THCA
TEST_0596,STES
TEST_0597,COAD
TEST_0598,BRCA
TEST_0599,COAD
TEST_0600,KIPAN
TEST_0601,STES
TEST_0602,LAML
TEST_0603,SKCM
TEST_0604,COAD
TEST_0605,LGG
TEST_0606,COAD
TEST_0607,STES
TEST_0608,STES
TEST_0609,BRCA
TEST_0610,BRCA
TEST_0611,KIPAN
TEST_0612,BRCA
TEST_0613,KIPAN
TEST_0614,KIPAN
TEST_0615,COAD
TEST_0616,UCEC
TEST_0617,OV
TEST_0618,COAD
TEST_0619,BRCA
TEST_0620,UCEC
TEST_0621,KIPAN
TEST_0622,KIPAN
TEST_0623,LUAD
TEST_0624,STES
TEST_0625,COAD
TEST_0626,COAD
TEST_0627,STES
TEST_0628,COAD
TEST_0629,STES
TEST_0630,STES
TEST_0631,COAD
TEST_0632,COAD
TEST_0633,UCEC
TEST_0634,STES
TEST_0635,BRCA
TEST_0636,SKCM
TEST_0637,BRCA
TEST_0638,COAD
TEST_0639,ACC
TEST_0640,STES
TEST_0641,BRCA
TEST_0642,HNSC
TEST_0643,THCA
TEST_0644,BRCA
TEST_0645,COAD
TEST_0646,COAD
TEST_0647,KIPAN
TEST_0648,UCEC
TEST_0649,LGG
TEST_0650,LUSC
TEST_0651,STES
TEST_0652,STES
TEST_0653,COAD
TEST_0654,BRCA
TEST_0655,BRCA
TEST_0656,THCA
TEST_0657,BRCA
TEST_0658,STES
TEST_0659,COAD
TEST_0660,COAD
TEST_0661,STES
TEST_0662,GBMLGG
TEST_0663,COAD
TEST_0664,THCA
TEST_0665,STES
TEST_0666,KIRC
TEST_0667,COAD
TEST_0668,STES
TEST_0669,GBMLGG
TEST_0670,KIPAN
TEST_0671,STES
TEST_0672,PRAD
TEST_0673,KIPAN
TEST_0674,UCEC
TEST_0675,STES
TEST_0676,BRCA
TEST_0677,OV
TEST_0678,STES
TEST_0679,KIPAN
TEST_0680,STES
TEST_0681,COAD
TEST_0682,STES
TEST_0683,BRCA
TEST_0684,GBMLGG
TEST_0685,TGCT
TEST_0686,TGCT
TEST_0687,COAD
TEST_0688,COAD
TEST_0689,LUAD
TEST_0690,STES
TEST_0691,STES
TEST_0692,STES
TEST_0693,PCPG
TEST_0694,CESC
TEST_0695,KIRC
TEST_0696,BRCA
TEST_0697,STES
TEST_0698,STES
TEST_0699,LGG
TEST_0700,OV
TEST_0701,PCPG
TEST_0702,THCA
TEST_0703,BRCA
TEST_0704,BRCA
TEST_0705,UCEC
TEST_0706,GBMLGG
TEST_0707,STES
TEST_0708,KIRC
TEST_0709,LUSC
TEST_0710,BRCA
TEST_0711,KIPAN
TEST_0712,STES
TEST_0713,COAD
TEST_0714,PCPG
TEST_0715,BRCA
TEST_0716,GBMLGG
TEST_0717,SKCM
TEST_0718,LUAD
TEST_0719,KIRC
TEST_0720,SARC
TEST_0721,COAD
TEST_0722,KIPAN
TEST_0723,BRCA
TEST_0724,SKCM
TEST_0725,TGCT
TEST_0726,COAD
TEST_0727,PRAD
TEST_0728,OV
TEST_0729,KIRC
TEST_0730,STES
TEST_0731,COAD
TEST_0732,STES
TEST_0733,THCA
TEST_0734,STES
TEST_0735,GBMLGG
TEST_0736,BRCA
TEST_0737,KIPAN
TEST_0738,OV
TEST_0739,CESC
TEST_0740,KIPAN
TEST_0741,THCA
TEST_0742,UCEC
TEST_0743,LIHC
TEST_0744,COAD
TEST_0745,KIPAN
TEST_0746,OV
TEST_0747,COAD
TEST_0748,BRCA
TEST_0749,STES
TEST_0750,KIPAN
TEST_0751,COAD
TEST_0752,PRAD
TEST_0753,COAD
TEST_0754,STES
TEST_0755,UCEC
TEST_0756,SKCM
TEST_0757,BRCA
TEST_0758,LUAD
TEST_0759,KIPAN
TEST_0760,STES
TEST_0761,STES
TEST_0762,UCEC
TEST_0763,STES
TEST_0764,COAD
TEST_0765,HNSC
TEST_0766,SKCM
TEST_0767,KIPAN
TEST_0768,COAD
TEST_0769,COAD
TEST_0770,KIPAN
TEST_0771,GBMLGG
TEST_0772,PRAD
TEST_0773,GBMLGG
TEST_0774,KIPAN
TEST_0775,STES
TEST_0776,KIPAN
TEST_0777,STES
TEST_0778,STES
TEST_0779,STES
TEST_0780,THCA
TEST_0781,COAD
TEST_0782,STES
TEST_0783,KIPAN
TEST_0784,KIPAN
TEST_0785,BRCA
TEST_0786,LIHC
TEST_0787,BRCA
TEST_0788,STES
TEST_0789,UCEC
TEST_0790,BRCA
TEST_0791,GBMLGG
TEST_0792,STES
TEST_0793,KIPAN
TEST_0794,KIPAN
TEST_0795,ACC
TEST_0796,LAML
TEST_0797,STES
TEST_0798,BRCA
TEST_0799,COAD
TEST_0800,KIPAN
TEST_0801,KIPAN
TEST_0802,PRAD
TEST_0803,COAD
TEST_0804,UCEC
TEST_0805,STES
TEST_0806,UCEC
TEST_0807,STES
TEST_0808,STES
TEST_0809,LIHC
TEST_0810,STES
TEST_0811,STES
TEST_0812,KIRC
TEST_0813,STES
TEST_0814,KIPAN
TEST_0815,GBMLGG
TEST_0816,COAD
TEST_0817,GBMLGG
TEST_0818,COAD
TEST_0819,GBMLGG
TEST_0820,COAD
TEST_0821,GBMLGG
TEST_0822,COAD
TEST_0823,KIPAN
TEST_0824,KIPAN
TEST_0825,GBMLGG
TEST_0826,KIPAN
TEST_0827,KIPAN
TEST_0828,BRCA
TEST_0829,COAD
TEST_0830,BRCA
TEST_0831,STES
TEST_0832,LGG
TEST_0833,SARC
TEST_0834,GBMLGG
TEST_0835,COAD
TEST_0836,KIPAN
TEST_0837,KIRC
TEST_0838,COAD
TEST_0839,STES
TEST_0840,BRCA
TEST_0841,COAD
TEST_0842,THCA
TEST_0843,OV
TEST_0844,KIPAN
TEST_0845,KIPAN
TEST_0846,GBMLGG
TEST_0847,LIHC
TEST_0848,STES
TEST_0849,BLCA
TEST_0850,STES
TEST_0851,COAD
TEST_0852,BRCA
TEST_0853,STES
TEST_0854,KIPAN
TEST_0855,BRCA
TEST_0856,PRAD
TEST_0857,BRCA
TEST_0858,STES
TEST_0859,COAD
TEST_0860,KIRC
TEST_0861,STES
TEST_0862,STES
TEST_0863,COAD
TEST_0864,LAML
TEST_0865,PRAD
TEST_0866,LUSC
TEST_0867,STES
TEST_0868,COAD
TEST_0869,BRCA
TEST_0870,STES
TEST_0871,COAD
TEST_0872,SARC
TEST_0873,BRCA
TEST_0874,COAD
TEST_0875,KIPAN
TEST_0876,COAD
TEST_0877,KIPAN
TEST_0878,PRAD
TEST_0879,ACC
TEST_0880,BRCA
TEST_0881,STES
TEST_0882,COAD
TEST_0883,SKCM
TEST_0884,LGG
TEST_0885,PRAD
TEST_0886,GBMLGG
TEST_0887,BRCA
TEST_0888,COAD
TEST_0889,COAD
TEST_0890,COAD
TEST_0891,BRCA
TEST_0892,COAD
TEST_0893,TGCT
TEST_0894,LAML
TEST_0895,SKCM
TEST_0896,STES
TEST_0897,PRAD
TEST_0898,BRCA
TEST_0899,PRAD
TEST_0900,STES
TEST_0901,BRCA
TEST_0902,KIPAN
TEST_0903,STES
TEST_0904,TGCT
TEST_0905,STES
TEST_0906,SKCM
TEST_0907,UCEC
TEST_0908,UCEC
TEST_0909,COAD
TEST_0910,STES
TEST_0911,BRCA
TEST_0912,STES
TEST_0913,STES
TEST_0914,LIHC
TEST_0915,COAD
TEST_0916,LUAD
TEST_0917,LIHC
TEST_0918,GBMLGG
TEST_0919,GBMLGG
TEST_0920,KIPAN
TEST_0921,ACC
TEST_0922,STES
TEST_0923,STES
TEST_0924,BRCA
TEST_0925,KIRC
TEST_0926,COAD
TEST_0927,BRCA
TEST_0928,SKCM
TEST_0929,KIPAN
TEST_0930,LIHC
TEST_0931,BRCA
TEST_0932,ACC
TEST_0933,STES
TEST_0934,OV
TEST_0935,THCA
TEST_0936,STES
TEST_0937,STES
TEST_0938,LGG
TEST_0939,STES
TEST_0940,KIPAN
TEST_0941,COAD
TEST_0942,THCA
TEST_0943,COAD
TEST_0944,OV
TEST_0945,STES
TEST_0946,KIPAN
TEST_0947,GBMLGG
TEST_0948,KIPAN
TEST_0949,COAD
TEST_0950,KIPAN
TEST_0951,GBMLGG
TEST_0952,COAD
TEST_0953,CESC
TEST_0954,LAML
TEST_0955,GBMLGG
TEST_0956,UCEC
TEST_0957,COAD
TEST_0958,BRCA
TEST_0959,COAD
TEST_0960,KIRC
TEST_0961,HNSC
TEST_0962,STES
TEST_0963,STES
TEST_0964,BRCA
TEST_0965,KIPAN
TEST_0966,COAD
TEST_0967,UCEC
TEST_0968,STES
TEST_0969,COAD
TEST_0970,COAD
TEST_0971,TGCT
TEST_0972,STES
TEST_0973,PRAD
TEST_0974,BRCA
TEST_0975,LGG
TEST_0976,GBMLGG
TEST_0977,COAD
TEST_0978,BRCA
TEST_0979,BRCA
TEST_0980,STES
TEST_0981,BRCA
TEST_0982,BRCA
TEST_0983,LUAD
TEST_0984,ACC
TEST_0985,STES
TEST_0986,UCEC
TEST_0987,GBMLGG
TEST_0988,THCA
TEST_0989,LUAD
TEST_0990,TGCT
TEST_0991,HNSC
TEST_0992,GBMLGG
TEST_0993,LUAD
TEST_0994,LIHC
TEST_0995,KIPAN
TEST_0996,COAD
TEST_0997,BRCA
TEST_0998,GBMLGG
TEST_0999,UCEC
TEST_1000,SKCM
TEST_1001,COAD
TEST_1002,BRCA
TEST_1003,COAD
TEST_1004,KIRC
TEST_1005,KIPAN
TEST_1006,COAD
TEST_1007,COAD
TEST_1008,STES
TEST_1009,SKCM
TEST_1010,STES
TEST_1011,HNSC
TEST_1012,THCA
TEST_1013,KIPAN
TEST_1014,COAD
TEST_1015,BRCA
TEST_1016,PRAD
TEST_1017,GBMLGG
TEST_1018,BRCA
TEST_1019,COAD
TEST_1020,STES
TEST_1021,KIPAN
TEST_1022,PRAD
TEST_1023,BRCA
TEST_1024,STES
TEST_1025,GBMLGG
TEST_1026,BRCA
TEST_1027,COAD
TEST_1028,BRCA
TEST_1029,KIPAN
TEST_1030,GBMLGG
TEST_1031,COAD
TEST_1032,BRCA
TEST_1033,BRCA
TEST_1034,KIRC
TEST_1035,GBMLGG
TEST_1036,LUAD
TEST_1037,GBMLGG
TEST_1038,STES
TEST_1039,STES
TEST_1040,COAD
TEST_1041,COAD
TEST_1042,BRCA
TEST_1043,KIPAN
TEST_1044,SKCM
TEST_1045,BLCA
TEST_1046,KIPAN
TEST_1047,OV
TEST_1048,BRCA
TEST_1049,SKCM
TEST_1050,STES
TEST_1051,COAD
TEST_1052,STES
TEST_1053,TGCT
TEST_1054,BLCA
TEST_1055,BRCA
TEST_1056,BRCA
TEST_1057,ACC
TEST_1058,PRAD
TEST_1059,BRCA
TEST_1060,COAD
TEST_1061,KIPAN
TEST_1062,STES
TEST_1063,LUSC
TEST_1064,STES
TEST_1065,THCA
TEST_1066,KIPAN
TEST_1067,BRCA
TEST_1068,KIPAN
TEST_1069,KIPAN
TEST_1070,ACC
TEST_1071,KIRC
TEST_1072,KIRC
TEST_1073,COAD
TEST_1074,UCEC
TEST_1075,SKCM
TEST_1076,KIPAN
TEST_1077,LIHC
TEST_1078,THCA
TEST_1079,COAD
TEST_1080,STES
TEST_1081,SKCM
TEST_1082,SARC
TEST_1083,BRCA
TEST_1084,GBMLGG
TEST_1085,BRCA
TEST_1086,STES
TEST_1087,BRCA
TEST_1088,STES
TEST_1089,SARC
TEST_1090,GBMLGG
TEST_1091,BRCA
TEST_1092,KIPAN
TEST_1093,BRCA
TEST_1094,STES
TEST_1095,KIPAN
TEST_1096,HNSC
TEST_1097,COAD
TEST_1098,BRCA
TEST_1099,GBMLGG
TEST_1100,STES
TEST_1101,PRAD
TEST_1102,BRCA
TEST_1103,STES
TEST_1104,BRCA
TEST_1105,COAD
TEST_1106,THCA
TEST_1107,LGG
TEST_1108,SKCM
TEST_1109,STES
TEST_1110,SARC
TEST_1111,BRCA
TEST_1112,LGG
TEST_1113,KIPAN
TEST_1114,SARC
TEST_1115,BRCA
TEST_1116,LGG
TEST_1117,OV
TEST_1118,THCA
TEST_1119,COAD
TEST_1120,COAD
TEST_1121,BRCA
TEST_1122,KIPAN
TEST_1123,STES
TEST_1124,COAD
TEST_1125,STES
TEST_1126,UCEC
TEST_1127,KIPAN
TEST_1128,STES
TEST_1129,STES
TEST_1130,GBMLGG
TEST_1131,COAD
TEST_1132,KIPAN
TEST_1133,COAD
TEST_1134,STES
TEST_1135,STES
TEST_1136,LGG
TEST_1137,TGCT
TEST_1138,STES
TEST_1139,KIRC
TEST_1140,KIPAN
TEST_1141,STES
TEST_1142,STES
TEST_1143,BRCA
TEST_1144,COAD
TEST_1145,SKCM
TEST_1146,OV
TEST_1147,COAD
TEST_1148,STES
TEST_1149,STES
TEST_1150,BRCA
TEST_1151,COAD
TEST_1152,STES
TEST_1153,STES
TEST_1154,STES
TEST_1155,LGG
TEST_1156,COAD
TEST_1157,LUAD
TEST_1158,STES
TEST_1159,COAD
TEST_1160,KIPAN
TEST_1161,COAD
TEST_1162,STES
TEST_1163,SKCM
TEST_1164,STES
TEST_1165,STES
TEST_1166,COAD
TEST_1167,BRCA
TEST_1168,CESC
TEST_1169,STES
TEST_1170,KIRC
TEST_1171,BRCA
TEST_1172,STES
TEST_1173,STES
TEST_1174,BRCA
TEST_1175,CESC
TEST_1176,BRCA
TEST_1177,GBMLGG
TEST_1178,STES
TEST_1179,SKCM
TEST_1180,LGG
TEST_1181,BRCA
TEST_1182,LUAD
TEST_1183,THCA
TEST_1184,KIPAN
TEST_1185,GBMLGG
TEST_1186,COAD
TEST_1187,COAD
TEST_1188,STES
TEST_1189,KIPAN
TEST_1190,COAD
TEST_1191,THCA
TEST_1192,CESC
TEST_1193,COAD
TEST_1194,UCEC
TEST_1195,STES
TEST_1196,LAML
TEST_1197,THCA
TEST_1198,STES
TEST_1199,KIPAN
TEST_1200,OV
TEST_1201,BRCA
TEST_1202,KIRC
TEST_1203,COAD
TEST_1204,KIPAN
TEST_1205,LGG
TEST_1206,COAD
TEST_1207,GBMLGG
TEST_1208,UCEC
TEST_1209,SKCM
TEST_1210,STES
TEST_1211,SKCM
TEST_1212,TGCT
TEST_1213,BRCA
TEST_1214,COAD
TEST_1215,KIPAN
TEST_1216,STES
TEST_1217,STES
TEST_1218,STES
TEST_1219,KIPAN
TEST_1220,LUAD
TEST_1221,KIPAN
TEST_1222,STES
TEST_1223,COAD
TEST_1224,COAD
TEST_1225,KIPAN
TEST_1226,PRAD
TEST_1227,KIPAN
TEST_1228,BRCA
TEST_1229,GBMLGG
TEST_1230,GBMLGG
TEST_1231,COAD
TEST_1232,KIPAN
TEST_1233,BRCA
TEST_1234,TGCT
TEST_1235,GBMLGG
TEST_1236,STES
TEST_1237,BRCA
TEST_1238,KIRC
TEST_1239,PRAD
TEST_1240,COAD
TEST_1241,GBMLGG
TEST_1242,PRAD
TEST_1243,KIPAN
TEST_1244,GBMLGG
TEST_1245,COAD
TEST_1246,PCPG
TEST_1247,LUAD
TEST_1248,STES
TEST_1249,BRCA
TEST_1250,COAD
TEST_1251,COAD
TEST_1252,KIPAN
TEST_1253,STES
TEST_1254,STES
TEST_1255,STES
TEST_1256,BRCA
TEST_1257,KIRC
TEST_1258,UCEC
TEST_1259,COAD
TEST_1260,STES
TEST_1261,GBMLGG
TEST_1262,STES
TEST_1263,THCA
TEST_1264,BRCA
TEST_1265,LIHC
TEST_1266,OV
TEST_1267,BRCA
TEST_1268,STES
TEST_1269,BRCA
TEST_1270,STES
TEST_1271,COAD
TEST_1272,SKCM
TEST_1273,THCA
TEST_1274,STES
TEST_1275,GBMLGG
TEST_1276,STES
TEST_1277,COAD
TEST_1278,KIPAN
TEST_1279,PRAD
TEST_1280,STES
TEST_1281,PCPG
TEST_1282,GBMLGG
TEST_1283,GBMLGG
TEST_1284,COAD
TEST_1285,BRCA
TEST_1286,LGG
TEST_1287,THCA
TEST_1288,COAD
TEST_1289,COAD
TEST_1290,BRCA
TEST_1291,STES
TEST_1292,STES
TEST_1293,LGG
TEST_1294,BRCA
TEST_1295,PRAD
TEST_1296,KIPAN
TEST_1297,STES
TEST_1298,COAD
TEST_1299,LUSC
TEST_1300,COAD
TEST_1301,KIPAN
TEST_1302,STES
TEST_1303,LUSC
TEST_1304,STES
TEST_1305,GBMLGG
TEST_1306,SKCM
TEST_1307,COAD
TEST_1308,BRCA
TEST_1309,KIPAN
TEST_1310,COAD
TEST_1311,BRCA
TEST_1312,BRCA
TEST_1313,COAD
TEST_1314,CESC
TEST_1315,STES
TEST_1316,COAD
TEST_1317,ACC
TEST_1318,BRCA
TEST_1319,HNSC
TEST_1320,BRCA
TEST_1321,KIPAN
TEST_1322,STES
TEST_1323,BRCA
TEST_1324,STES
TEST_1325,STES
TEST_1326,BRCA
TEST_1327,SARC
TEST_1328,SKCM
TEST_1329,GBMLGG
TEST_1330,BRCA
TEST_1331,BRCA
TEST_1332,KIPAN
TEST_1333,STES
TEST_1334,OV
TEST_1335,BRCA
TEST_1336,COAD
TEST_1337,STES
TEST_1338,BRCA
TEST_1339,STES
TEST_1340,PRAD
TEST_1341,STES
TEST_1342,STES
TEST_1343,COAD
TEST_1344,KIPAN
TEST_1345,STES
TEST_1346,BLCA
TEST_1347,KIRC
TEST_1348,LAML
TEST_1349,PRAD
TEST_1350,COAD
TEST_1351,STES
TEST_1352,STES
TEST_1353,GBMLGG
TEST_1354,KIRC
TEST_1355,CESC
TEST_1356,COAD
TEST_1357,STES
TEST_1358,BRCA
TEST_1359,KIPAN
TEST_1360,STES
TEST_1361,BRCA
TEST_1362,BRCA
TEST_1363,STES
TEST_1364,PRAD
TEST_1365,GBMLGG
TEST_1366,SKCM
TEST_1367,BRCA
TEST_1368,KIPAN
TEST_1369,KIRC
TEST_1370,STES
TEST_1371,GBMLGG
TEST_1372,COAD
TEST_1373,COAD
TEST_1374,UCEC
TEST_1375,STES
TEST_1376,BRCA
TEST_1377,SARC
TEST_1378,TGCT
TEST_1379,COAD
TEST_1380,KIPAN
TEST_1381,COAD
TEST_1382,COAD
TEST_1383,LGG
TEST_1384,THCA
TEST_1385,STES
TEST_1386,STES
TEST_1387,THCA
TEST_1388,THCA
TEST_1389,STES
TEST_1390,LAML
TEST_1391,THCA
TEST_1392,SKCM
TEST_1393,KIPAN
TEST_1394,GBMLGG
TEST_1395,GBMLGG
TEST_1396,STES
TEST_1397,LGG
TEST_1398,COAD
TEST_1399,GBMLGG
TEST_1400,BRCA
TEST_1401,GBMLGG
TEST_1402,STES
TEST_1403,STES
TEST_1404,SKCM
TEST_1405,STES
TEST_1406,COAD
TEST_1407,BRCA
TEST_1408,KIRC
TEST_1409,STES
TEST_1410,HNSC
TEST_1411,LGG
TEST_1412,TGCT
TEST_1413,KIRC
TEST_1414,STES
TEST_1415,COAD
TEST_1416,PAAD
TEST_1417,ACC
TEST_1418,SARC
TEST_1419,LIHC
TEST_1420,LUSC
TEST_1421,GBMLGG
TEST_1422,COAD
TEST_1423,GBMLGG
TEST_1424,STES
TEST_1425,CESC
TEST_1426,KIRC
TEST_1427,COAD
TEST_1428,KIRC
TEST_1429,STES
TEST_1430,BLCA
TEST_1431,COAD
TEST_1432,UCEC
TEST_1433,BRCA
TEST_1434,CESC
TEST_1435,BRCA
TEST_1436,BRCA
TEST_1437,BRCA
TEST_1438,SKCM
TEST_1439,COAD
TEST_1440,STES
TEST_1441,UCEC
TEST_1442,BRCA
TEST_1443,COAD
TEST_1444,GBMLGG
TEST_1445,COAD
TEST_1446,COAD
TEST_1447,THCA
TEST_1448,COAD
TEST_1449,STES
TEST_1450,TGCT
TEST_1451,COAD
TEST_1452,KIPAN
TEST_1453,STES
TEST_1454,BRCA
TEST_1455,KIPAN
TEST_1456,STES
TEST_1457,OV
TEST_1458,STES
TEST_1459,STES
TEST_1460,GBMLGG
TEST_1461,KIRC
TEST_1462,SKCM
TEST_1463,STES
TEST_1464,PAAD
TEST_1465,BRCA
TEST_1466,BRCA
TEST_1467,LGG
TEST_1468,KIPAN
TEST_1469,UCEC
TEST_1470,STES
TEST_1471,STES
TEST_1472,STES
TEST_1473,STES
TEST_1474,COAD
TEST_1475,THCA
TEST_1476,LAML
TEST_1477,STES
TEST_1478,STES
TEST_1479,BRCA
TEST_1480,SKCM
TEST_1481,COAD
TEST_1482,COAD
TEST_1483,COAD
TEST_1484,BLCA
TEST_1485,BRCA
TEST_1486,OV
TEST_1487,THCA
TEST_1488,SKCM
TEST_1489,COAD
TEST_1490,LGG
TEST_1491,STES
TEST_1492,ACC
TEST_1493,STES
TEST_1494,STES
TEST_1495,UCEC
TEST_1496,LAML
TEST_1497,BRCA
TEST_1498,STES
TEST_1499,LGG
TEST_1500,BRCA
TEST_1501,BLCA
TEST_1502,KIPAN
TEST_1503,BRCA
TEST_1504,GBMLGG
TEST_1505,COAD
TEST_1506,STES
TEST_1507,KIPAN
TEST_1508,COAD
TEST_1509,LGG
TEST_1510,COAD
TEST_1511,COAD
TEST_1512,BRCA
TEST_1513,STES
TEST_1514,STES
TEST_1515,KIPAN
TEST_1516,GBMLGG
TEST_1517,BRCA
TEST_1518,BRCA
TEST_1519,STES
TEST_1520,PRAD
TEST_1521,TGCT
TEST_1522,COAD
TEST_1523,BRCA
TEST_1524,BRCA
TEST_1525,STES
TEST_1526,TGCT
TEST_1527,THCA
TEST_1528,GBMLGG
TEST_1529,STES
TEST_1530,GBMLGG
TEST_1531,KIPAN
TEST_1532,BRCA
TEST_1533,STES
TEST_1534,BRCA
TEST_1535,STES
TEST_1536,BRCA
TEST_1537,COAD
TEST_1538,KIPAN
TEST_1539,KIPAN
TEST_1540,COAD
TEST_1541,STES
TEST_1542,BRCA
TEST_1543,STES
TEST_1544,STES
TEST_1545,KIPAN
TEST_1546,LIHC
TEST_1547,STES
TEST_1548,COAD
TEST_1549,KIPAN
TEST_1550,STES
TEST_1551,COAD
TEST_1552,GBMLGG
TEST_1553,COAD
TEST_1554,KIPAN
TEST_1555,BRCA
TEST_1556,UCEC
TEST_1557,KIRC
TEST_1558,THCA
TEST_1559,STES
TEST_1560,THCA
TEST_1561,BRCA
TEST_1562,STES
TEST_1563,COAD
TEST_1564,STES
TEST_1565,KIPAN
TEST_1566,THCA
TEST_1567,GBMLGG
TEST_1568,TGCT
TEST_1569,SKCM
TEST_1570,BRCA
TEST_1571,LAML
TEST_1572,LGG
TEST_1573,STES
TEST_1574,BRCA
TEST_1575,KIPAN
TEST_1576,STES
TEST_1577,LUSC
TEST_1578,KIRC
TEST_1579,THCA
TEST_1580,KIPAN
TEST_1581,BRCA
TEST_1582,COAD
TEST_1583,COAD
TEST_1584,BRCA
TEST_1585,BRCA
TEST_1586,STES
TEST_1587,BRCA
TEST_1588,BRCA
TEST_1589,COAD
TEST_1590,STES
TEST_1591,COAD
TEST_1592,LAML
TEST_1593,COAD
TEST_1594,LIHC
TEST_1595,KIPAN
TEST_1596,STES
TEST_1597,STES
TEST_1598,SKCM
TEST_1599,UCEC
TEST_1600,BRCA
TEST_1601,COAD
TEST_1602,COAD
TEST_1603,ACC
TEST_1604,COAD
TEST_1605,STES
TEST_1606,HNSC
TEST_1607,COAD
TEST_1608,COAD
TEST_1609,BRCA
TEST_1610,KIPAN
TEST_1611,SKCM
TEST_1612,GBMLGG
TEST_1613,LGG
TEST_1614,BRCA
TEST_1615,HNSC
TEST_1616,STES
TEST_1617,TGCT
TEST_1618,UCEC
TEST_1619,STES
TEST_1620,STES
TEST_1621,COAD
TEST_1622,BRCA
TEST_1623,STES
TEST_1624,STES
TEST_1625,KIPAN
TEST_1626,PRAD
TEST_1627,BLCA
TEST_1628,BRCA
TEST_1629,STES
TEST_1630,KIRC
TEST_1631,UCEC
TEST_1632,GBMLGG
TEST_1633,STES
TEST_1634,BRCA
TEST_1635,OV
TEST_1636,STES
TEST_1637,GBMLGG
TEST_1638,OV
TEST_1639,PRAD
TEST_1640,GBMLGG
TEST_1641,BRCA
TEST_1642,COAD
TEST_1643,STES
TEST_1644,STES
TEST_1645,STES
TEST_1646,KIRC
TEST_1647,STES
TEST_1648,OV
TEST_1649,GBMLGG
TEST_1650,STES
TEST_1651,STES
TEST_1652,STES
TEST_1653,KIRC
TEST_1654,COAD
TEST_1655,TGCT
TEST_1656,PRAD
TEST_1657,LGG
TEST_1658,KIPAN
TEST_1659,COAD
TEST_1660,STES
TEST_1661,BRCA
TEST_1662,BRCA
TEST_1663,GBMLGG
TEST_1664,SKCM
TEST_1665,KIRC
TEST_1666,OV
TEST_1667,STES
TEST_1668,LUSC
TEST_1669,STES
TEST_1670,COAD
TEST_1671,BRCA
TEST_1672,COAD
TEST_1673,COAD
TEST_1674,COAD
TEST_1675,LGG
TEST_1676,STES
TEST_1677,LAML
TEST_1678,KIPAN
TEST_1679,PRAD
TEST_1680,LIHC
TEST_1681,KIRC
TEST_1682,GBMLGG
TEST_1683,STES
TEST_1684,LGG
TEST_1685,BRCA
TEST_1686,BRCA
TEST_1687,STES
TEST_1688,COAD
TEST_1689,STES
TEST_1690,BRCA
TEST_1691,COAD
TEST_1692,THCA
TEST_1693,LGG
TEST_1694,COAD
TEST_1695,GBMLGG
TEST_1696,PRAD
TEST_1697,KIPAN
TEST_1698,OV
TEST_1699,TGCT
TEST_1700,LGG
TEST_1701,PRAD
TEST_1702,GBMLGG
TEST_1703,STES
TEST_1704,KIPAN
TEST_1705,STES
TEST_1706,BRCA
TEST_1707,STES
TEST_1708,BRCA
TEST_1709,BRCA
TEST_1710,GBMLGG
TEST_1711,LUAD
TEST_1712,BRCA
TEST_1713,LUAD
TEST_1714,COAD
TEST_1715,KIPAN
TEST_1716,STES
TEST_1717,STES
TEST_1718,STES
TEST_1719,TGCT
TEST_1720,COAD
TEST_1721,BRCA
TEST_1722,ACC
TEST_1723,STES
TEST_1724,STES
TEST_1725,COAD
TEST_1726,BRCA
TEST_1727,KIPAN
TEST_1728,THCA
TEST_1729,GBMLGG
TEST_1730,STES
TEST_1731,KIPAN
TEST_1732,STES
TEST_1733,BRCA
TEST_1734,GBMLGG
TEST_1735,PAAD
TEST_1736,PRAD
TEST_1737,STES
TEST_1738,CESC
TEST_1739,COAD
TEST_1740,BRCA
TEST_1741,LAML
TEST_1742,BLCA
TEST_1743,STES
TEST_1744,PAAD
TEST_1745,OV
TEST_1746,COAD
TEST_1747,STES
TEST_1748,THCA
TEST_1749,LUAD
TEST_1750,SKCM
TEST_1751,STES
TEST_1752,COAD
TEST_1753,GBMLGG
TEST_1754,LGG
TEST_1755,BRCA
TEST_1756,BRCA
TEST_1757,GBMLGG
TEST_1758,THCA
TEST_1759,LUAD
TEST_1760,BRCA
TEST_1761,KIPAN
TEST_1762,COAD
TEST_1763,BRCA
TEST_1764,ACC
TEST_1765,UCEC
TEST_1766,COAD
TEST_1767,UCEC
TEST_1768,BRCA
TEST_1769,BRCA
TEST_1770,BRCA
TEST_1771,STES
TEST_1772,STES
TEST_1773,STES
TEST_1774,SKCM
TEST_1775,OV
TEST_1776,GBMLGG
TEST_1777,STES
TEST_1778,GBMLGG
TEST_1779,BRCA
TEST_1780,TGCT
TEST_1781,HNSC
TEST_1782,STES
TEST_1783,LIHC
TEST_1784,BRCA
TEST_1785,BRCA
TEST_1786,STES
TEST_1787,COAD
TEST_1788,ACC
TEST_1789,BLCA
TEST_1790,STES
TEST_1791,STES
TEST_1792,STES
TEST_1793,HNSC
TEST_1794,LUAD
TEST_1795,SKCM
TEST_1796,GBMLGG
TEST_1797,LUAD
TEST_1798,LUSC
TEST_1799,STES
TEST_1800,LUAD
TEST_1801,BRCA
TEST_1802,BRCA
TEST_1803,COAD
TEST_1804,BRCA
TEST_1805,BRCA
TEST_1806,KIRC
TEST_1807,THCA
TEST_1808,PRAD
TEST_1809,HNSC
TEST_1810,BRCA
TEST_1811,HNSC
TEST_1812,KIRC
TEST_1813,OV
TEST_1814,STES
TEST_1815,STES
TEST_1816,KIPAN
TEST_1817,LUAD
TEST_1818,GBMLGG
TEST_1819,KIPAN
TEST_1820,UCEC
TEST_1821,LGG
TEST_1822,KIPAN
TEST_1823,STES
TEST_1824,COAD
TEST_1825,COAD
TEST_1826,STES
TEST_1827,BRCA
TEST_1828,BRCA
TEST_1829,STES
TEST_1830,BRCA
TEST_1831,STES
TEST_1832,BRCA
TEST_1833,KIPAN
TEST_1834,STES
TEST_1835,KIPAN
TEST_1836,BRCA
TEST_1837,STES
TEST_1838,STES
TEST_1839,COAD
TEST_1840,PCPG
TEST_1841,LAML
TEST_1842,STES
TEST_1843,GBMLGG
TEST_1844,STES
TEST_1845,CESC
TEST_1846,KIPAN
TEST_1847,GBMLGG
TEST_1848,KIPAN
TEST_1849,GBMLGG
TEST_1850,STES
TEST_1851,LAML
TEST_1852,STES
TEST_1853,THCA
TEST_1854,STES
TEST_1855,STES
TEST_1856,THCA
TEST_1857,LIHC
TEST_1858,PRAD
TEST_1859,HNSC
TEST_1860,STES
TEST_1861,STES
TEST_1862,STES
TEST_1863,SKCM
TEST_1864,STES
TEST_1865,BRCA
TEST_1866,BRCA
TEST_1867,COAD
TEST_1868,BRCA
TEST_1869,SKCM
TEST_1870,COAD
TEST_1871,BRCA
TEST_1872,STES
TEST_1873,STES
TEST_1874,KIPAN
TEST_1875,GBMLGG
TEST_1876,STES
TEST_1877,OV
TEST_1878,COAD
TEST_1879,KIPAN
TEST_1880,BRCA
TEST_1881,PRAD
TEST_1882,KIPAN
TEST_1883,THCA
TEST_1884,KIPAN
TEST_1885,BRCA
TEST_1886,STES
TEST_1887,STES
TEST_1888,COAD
TEST_1889,COAD
TEST_1890,COAD
TEST_1891,GBMLGG
TEST_1892,GBMLGG
TEST_1893,STES
TEST_1894,GBMLGG
TEST_1895,KIPAN
TEST_1896,KIPAN
TEST_1897,STES
TEST_1898,STES
TEST_1899,BRCA
TEST_1900,HNSC
TEST_1901,COAD
TEST_1902,OV
TEST_1903,STES
TEST_1904,KIRC
TEST_1905,KIPAN
TEST_1906,UCEC
TEST_1907,KIPAN
TEST_1908,HNSC
TEST_1909,GBMLGG
TEST_1910,LGG
TEST_1911,BRCA
TEST_1912,LIHC
TEST_1913,UCEC
TEST_1914,STES
TEST_1915,STES
TEST_1916,COAD
TEST_1917,KIPAN
TEST_1918,KIRC
TEST_1919,KIPAN
TEST_1920,LUAD
TEST_1921,COAD
TEST_1922,UCEC
TEST_1923,STES
TEST_1924,STES
TEST_1925,CESC
TEST_1926,BRCA
TEST_1927,COAD
TEST_1928,COAD
TEST_1929,GBMLGG
TEST_1930,SARC
TEST_1931,GBMLGG
TEST_1932,BRCA
TEST_1933,PRAD
TEST_1934,COAD
TEST_1935,SKCM
TEST_1936,GBMLGG
TEST_1937,GBMLGG
TEST_1938,STES
TEST_1939,KIPAN
TEST_1940,SKCM
TEST_1941,BRCA
TEST_1942,STES
TEST_1943,BRCA
TEST_1944,BRCA
TEST_1945,COAD
TEST_1946,BRCA
TEST_1947,SKCM
TEST_1948,PCPG
TEST_1949,SKCM
TEST_1950,GBMLGG
TEST_1951,STES
TEST_1952,BRCA
TEST_1953,SKCM
TEST_1954,COAD
TEST_1955,PRAD
TEST_1956,KIPAN
TEST_1957,STES
TEST_1958,COAD
TEST_1959,HNSC
TEST_1960,BRCA
TEST_1961,KIPAN
TEST_1962,STES
TEST_1963,COAD
TEST_1964,STES
TEST_1965,BRCA
TEST_1966,STES
TEST_1967,COAD
TEST_1968,COAD
TEST_1969,LIHC
TEST_1970,GBMLGG
TEST_1971,BRCA
TEST_1972,STES
TEST_1973,KIPAN
TEST_1974,KIPAN
TEST_1975,BRCA
TEST_1976,BRCA
TEST_1977,BRCA
TEST_1978,LAML
TEST_1979,LAML
TEST_1980,STES
TEST_1981,STES
TEST_1982,STES
TEST_1983,KIRC
TEST_1984,PAAD
TEST_1985,BRCA
TEST_1986,KIPAN
TEST_1987,STES
TEST_1988,COAD
TEST_1989,TGCT
TEST_1990,PCPG
TEST_1991,COAD
TEST_1992,BRCA
TEST_1993,BRCA
TEST_1994,STES
TEST_1995,COAD
TEST_1996,COAD
TEST_1997,THCA
TEST_1998,GBMLGG
TEST_1999,STES
TEST_2000,COAD
TEST_2001,LIHC
TEST_2002,BRCA
TEST_2003,BRCA
TEST_2004,COAD
TEST_2005,BRCA
TEST_2006,BRCA
TEST_2007,BRCA
TEST_2008,BRCA
TEST_2009,BRCA
TEST_2010,THCA
TEST_2011,COAD
TEST_2012,KIPAN
TEST_2013,ACC
TEST_2014,KIRC
TEST_2015,BRCA
TEST_2016,LUSC
TEST_2017,BRCA
TEST_2018,COAD
TEST_2019,STES
TEST_2020,STES
TEST_2021,BRCA
TEST_2022,KIPAN
TEST_2023,UCEC
TEST_2024,KIPAN
TEST_2025,COAD
TEST_2026,GBMLGG
TEST_2027,GBMLGG
TEST_2028,SKCM
TEST_2029,KIRC
TEST_2030,KIPAN
TEST_2031,STES
TEST_2032,BRCA
TEST_2033,COAD
TEST_2034,COAD
TEST_2035,BRCA
TEST_2036,STES
TEST_2037,COAD
TEST_2038,STES
TEST_2039,KIPAN
TEST_2040,STES
TEST_2041,KIPAN
TEST_2042,STES
TEST_2043,COAD
TEST_2044,GBMLGG
TEST_2045,BRCA
TEST_2046,BRCA
TEST_2047,OV
TEST_2048,SKCM
TEST_2049,THCA
TEST_2050,BRCA
TEST_2051,STES
TEST_2052,STES
TEST_2053,BLCA
TEST_2054,STES
TEST_2055,THCA
TEST_2056,KIPAN
TEST_2057,LUAD
TEST_2058,LUSC
TEST_2059,BRCA
TEST_2060,COAD
TEST_2061,COAD
TEST_2062,COAD
TEST_2063,STES
TEST_2064,BRCA
TEST_2065,KIPAN
TEST_2066,BRCA
TEST_2067,STES
TEST_2068,COAD
TEST_2069,LAML
TEST_2070,COAD
TEST_2071,BRCA
TEST_2072,KIPAN
TEST_2073,SKCM
TEST_2074,THCA
TEST_2075,STES
TEST_2076,COAD
TEST_2077,STES
TEST_2078,STES
TEST_2079,PAAD
TEST_2080,BRCA
TEST_2081,KIRC
TEST_2082,PCPG
TEST_2083,BRCA
TEST_2084,LIHC
TEST_2085,STES
TEST_2086,KIPAN
TEST_2087,STES
TEST_2088,COAD
TEST_2089,PRAD
TEST_2090,STES
TEST_2091,THCA
TEST_2092,DLBC
TEST_2093,KIPAN
TEST_2094,KIPAN
TEST_2095,BRCA
TEST_2096,GBMLGG
TEST_2097,STES
TEST_2098,GBMLGG
TEST_2099,STES
TEST_2100,UCEC
TEST_2101,STES
TEST_2102,STES
TEST_2103,STES
TEST_2104,COAD
TEST_2105,STES
TEST_2106,GBMLGG
TEST_2107,KIRC
TEST_2108,COAD
TEST_2109,COAD
TEST_2110,STES
TEST_2111,COAD
TEST_2112,BRCA
TEST_2113,BRCA
TEST_2114,BRCA
TEST_2115,PAAD
TEST_2116,BRCA
TEST_2117,KIPAN
TEST_2118,BRCA
TEST_2119,COAD
TEST_2120,KIRC
TEST_2121,COAD
TEST_2122,OV
TEST_2123,COAD
TEST_2124,BLCA
TEST_2125,COAD
TEST_2126,BRCA
TEST_2127,STES
TEST_2128,OV
TEST_2129,BRCA
TEST_2130,COAD
TEST_2131,STES
TEST_2132,BRCA
TEST_2133,COAD
TEST_2134,KIRC
TEST_2135,STES
TEST_2136,LUAD
TEST_2137,SKCM
TEST_2138,STES
TEST_2139,OV
TEST_2140,STES
TEST_2141,STES
TEST_2142,STES
TEST_2143,LIHC
TEST_2144,HNSC
TEST_2145,COAD
TEST_2146,KIPAN
TEST_2147,KIPAN
TEST_2148,COAD
TEST_2149,STES
TEST_2150,LAML
TEST_2151,BRCA
TEST_2152,COAD
TEST_2153,BRCA
TEST_2154,BRCA
TEST_2155,ACC
TEST_2156,OV
TEST_2157,BRCA
TEST_2158,PCPG
TEST_2159,UCEC
TEST_2160,STES
TEST_2161,STES
TEST_2162,STES
TEST_2163,GBMLGG
TEST_2164,ACC
TEST_2165,GBMLGG
TEST_2166,SKCM
TEST_2167,GBMLGG
TEST_2168,COAD
TEST_2169,BRCA
TEST_2170,STES
TEST_2171,LUAD
TEST_2172,COAD
TEST_2173,SKCM
TEST_2174,ACC
TEST_2175,OV
TEST_2176,LGG
TEST_2177,STES
TEST_2178,GBMLGG
TEST_2179,BRCA
TEST_2180,STES
TEST_2181,THCA
TEST_2182,KIRC
TEST_2183,BRCA
TEST_2184,BRCA
TEST_2185,BRCA
TEST_2186,BRCA
TEST_2187,COAD
TEST_2188,KIRC
TEST_2189,STES
TEST_2190,SKCM
TEST_2191,GBMLGG
TEST_2192,PRAD
TEST_2193,GBMLGG
TEST_2194,COAD
TEST_2195,STES
TEST_2196,STES
TEST_2197,COAD
TEST_2198,GBMLGG
TEST_2199,SKCM
TEST_2200,STES
TEST_2201,BRCA
TEST_2202,STES
TEST_2203,COAD
TEST_2204,LUAD
TEST_2205,BRCA
TEST_2206,HNSC
TEST_2207,KIPAN
TEST_2208,COAD
TEST_2209,COAD
TEST_2210,KIPAN
TEST_2211,BRCA
TEST_2212,SARC
TEST_2213,BRCA
TEST_2214,UCEC
TEST_2215,STES
TEST_2216,STES
TEST_2217,COAD
TEST_2218,BRCA
TEST_2219,COAD
TEST_2220,BRCA
TEST_2221,LGG
TEST_2222,BRCA
TEST_2223,HNSC
TEST_2224,KIPAN
TEST_2225,BRCA
TEST_2226,STES
TEST_2227,STES
TEST_2228,COAD
TEST_2229,STES
TEST_2230,BRCA
TEST_2231,STES
TEST_2232,STES
TEST_2233,THCA
TEST_2234,COAD
TEST_2235,LUAD
TEST_2236,DLBC
TEST_2237,COAD
TEST_2238,GBMLGG
TEST_2239,OV
TEST_2240,LIHC
TEST_2241,GBMLGG
TEST_2242,COAD
TEST_2243,KIPAN
TEST_2244,STES
TEST_2245,KIPAN
TEST_2246,LIHC
TEST_2247,KIPAN
TEST_2248,BRCA
TEST_2249,BRCA
TEST_2250,STES
TEST_2251,BRCA
TEST_2252,LIHC
TEST_2253,COAD
TEST_2254,CESC
TEST_2255,KIPAN
TEST_2256,OV
TEST_2257,PCPG
TEST_2258,BRCA
TEST_2259,STES
TEST_2260,STES
TEST_2261,GBMLGG
TEST_2262,LGG
TEST_2263,THCA
TEST_2264,GBMLGG
TEST_2265,STES
TEST_2266,STES
TEST_2267,STES
TEST_2268,THCA
TEST_2269,COAD
TEST_2270,STES
TEST_2271,BRCA
TEST_2272,GBMLGG
TEST_2273,UCEC
TEST_2274,BRCA
TEST_2275,KIPAN
TEST_2276,LGG
TEST_2277,LUAD
TEST_2278,OV
TEST_2279,PRAD
TEST_2280,STES
TEST_2281,BRCA
TEST_2282,STES
TEST_2283,STES
TEST_2284,BRCA
TEST_2285,COAD
TEST_2286,HNSC
TEST_2287,OV
TEST_2288,BRCA
TEST_2289,SKCM
TEST_2290,COAD
TEST_2291,DLBC
TEST_2292,BRCA
TEST_2293,BRCA
TEST_2294,GBMLGG
TEST_2295,OV
TEST_2296,COAD
TEST_2297,GBMLGG
TEST_2298,STES
TEST_2299,UCEC
TEST_2300,GBMLGG
TEST_2301,STES
TEST_2302,COAD
TEST_2303,BRCA
TEST_2304,COAD
TEST_2305,STES
TEST_2306,UCEC
TEST_2307,GBMLGG
TEST_2308,GBMLGG
TEST_2309,STES
TEST_2310,STES
TEST_2311,LUSC
TEST_2312,SKCM
TEST_2313,TGCT
TEST_2314,KIPAN
TEST_2315,LUAD
TEST_2316,STES
TEST_2317,KIPAN
TEST_2318,STES
TEST_2319,THCA
TEST_2320,GBMLGG
TEST_2321,COAD
TEST_2322,PRAD
TEST_2323,KIPAN
TEST_2324,KIRC
TEST_2325,BRCA
TEST_2326,PRAD
TEST_2327,STES
TEST_2328,THCA
TEST_2329,STES
TEST_2330,STES
TEST_2331,STES
TEST_2332,KIPAN
TEST_2333,BRCA
TEST_2334,PRAD
TEST_2335,BRCA
TEST_2336,COAD
TEST_2337,KIRC
TEST_2338,STES
TEST_2339,STES
TEST_2340,BRCA
TEST_2341,BRCA
TEST_2342,COAD
TEST_2343,GBMLGG
TEST_2344,KIPAN
TEST_2345,STES
TEST_2346,KIPAN
TEST_2347,STES
TEST_2348,SKCM
TEST_2349,GBMLGG
TEST_2350,LUSC
TEST_2351,GBMLGG
TEST_2352,STES
TEST_2353,STES
TEST_2354,COAD
TEST_2355,LAML
TEST_2356,KIPAN
TEST_2357,STES
TEST_2358,KIPAN
TEST_2359,KIPAN
TEST_2360,STES
TEST_2361,STES
TEST_2362,STES
TEST_2363,PRAD
TEST_2364,COAD
TEST_2365,COAD
TEST_2366,KIPAN
TEST_2367,HNSC
TEST_2368,COAD
TEST_2369,STES
TEST_2370,STES
TEST_2371,STES
TEST_2372,BRCA
TEST_2373,KIRC
TEST_2374,OV
TEST_2375,BRCA
TEST_2376,COAD
TEST_2377,COAD
TEST_2378,PRAD
TEST_2379,BRCA
TEST_2380,CESC
TEST_2381,BRCA
TEST_2382,OV
TEST_2383,LAML
TEST_2384,KIPAN
TEST_2385,BRCA
TEST_2386,STES
TEST_2387,HNSC
TEST_2388,COAD
TEST_2389,GBMLGG
TEST_2390,PRAD
TEST_2391,HNSC
TEST_2392,BRCA
TEST_2393,PRAD
TEST_2394,BRCA
TEST_2395,BRCA
TEST_2396,STES
TEST_2397,STES
TEST_2398,COAD
TEST_2399,BRCA
TEST_2400,COAD
TEST_2401,COAD
TEST_2402,BRCA
TEST_2403,LUAD
TEST_2404,LGG
TEST_2405,BRCA
TEST_2406,THCA
TEST_2407,COAD
TEST_2408,STES
TEST_2409,COAD
TEST_2410,KIPAN
TEST_2411,KIPAN
TEST_2412,BRCA
TEST_2413,COAD
TEST_2414,BRCA
TEST_2415,COAD
TEST_2416,STES
TEST_2417,COAD
TEST_2418,KIPAN
TEST_2419,COAD
TEST_2420,COAD
TEST_2421,COAD
TEST_2422,LGG
TEST_2423,BRCA
TEST_2424,KIPAN
TEST_2425,COAD
TEST_2426,KIPAN
TEST_2427,STES
TEST_2428,STES
TEST_2429,STES
TEST_2430,COAD
TEST_2431,KIPAN
TEST_2432,GBMLGG
TEST_2433,COAD
TEST_2434,PCPG
TEST_2435,COAD
TEST_2436,LIHC
TEST_2437,COAD
TEST_2438,GBMLGG
TEST_2439,STES
TEST_2440,COAD
TEST_2441,STES
TEST_2442,THCA
TEST_2443,LGG
TEST_2444,STES
TEST_2445,COAD
TEST_2446,SKCM
TEST_2447,BRCA
TEST_2448,COAD
TEST_2449,STES
TEST_2450,LIHC
TEST_2451,TGCT
TEST_2452,BRCA
TEST_2453,OV
TEST_2454,COAD
TEST_2455,STES
TEST_2456,STES
TEST_2457,BRCA
TEST_2458,BRCA
TEST_2459,KIPAN
TEST_2460,STES
TEST_2461,STES
TEST_2462,STES
TEST_2463,PCPG
TEST_2464,BRCA
TEST_2465,LIHC
TEST_2466,STES
TEST_2467,LUAD
TEST_2468,UCEC
TEST_2469,BRCA
TEST_2470,COAD
TEST_2471,UCEC
TEST_2472,BRCA
TEST_2473,COAD
TEST_2474,STES
TEST_2475,COAD
TEST_2476,COAD
TEST_2477,STES
TEST_2478,TGCT
TEST_2479,BRCA
TEST_2480,STES
TEST_2481,BRCA
TEST_2482,KIPAN
TEST_2483,THCA
TEST_2484,STES
TEST_2485,STES
TEST_2486,COAD
TEST_2487,PRAD
TEST_2488,PAAD
TEST_2489,STES
TEST_2490,TGCT
TEST_2491,COAD
TEST_2492,BRCA
TEST_2493,COAD
TEST_2494,UCEC
TEST_2495,PRAD
TEST_2496,BRCA
TEST_2497,HNSC
TEST_2498,BRCA
TEST_2499,STES
TEST_2500,COAD
TEST_2501,KIPAN
TEST_2502,KIPAN
TEST_2503,HNSC
TEST_2504,BRCA
TEST_2505,TGCT
TEST_2506,BRCA
TEST_2507,LGG
TEST_2508,KIPAN
TEST_2509,OV
TEST_2510,STES
TEST_2511,GBMLGG
TEST_2512,KIRC
TEST_2513,THCA
TEST_2514,COAD
TEST_2515,LGG
TEST_2516,COAD
TEST_2517,KIPAN
TEST_2518,OV
TEST_2519,COAD
TEST_2520,COAD
TEST_2521,LGG
TEST_2522,STES
TEST_2523,COAD
TEST_2524,COAD
TEST_2525,COAD
TEST_2526,COAD
TEST_2527,STES
TEST_2528,COAD
TEST_2529,STES
TEST_2530,KIPAN
TEST_2531,STES
TEST_2532,PCPG
TEST_2533,BRCA
TEST_2534,STES
TEST_2535,BRCA
TEST_2536,COAD
TEST_2537,STES
TEST_2538,STES
TEST_2539,KIPAN
TEST_2540,STES
TEST_2541,COAD
TEST_2542,HNSC
TEST_2543,STES
TEST_2544,LAML
TEST_2545,LGG
